{
  "Version": 1,
  "ManifestType": "Publish",
  "Endpoints": [
    {
      "Route": "chat.js",
      "AssetFile": "chat.js.gz",
      "Selectors": [
        {
          "Name": "Content-Encoding",
          "Value": "gzip",
          "Quality": "0.002288329519"
        }
      ],
      "ResponseHeaders": [
        {
          "Name": "Accept-Ranges",
          "Value": "bytes"
        },
        {
          "Name": "Cache-Control",
          "Value": "no-cache"
        },
        {
          "Name": "Content-Encoding",
          "Value": "gzip"
        },
        {
          "Name": "Content-Length",
          "Value": "436"
        },
        {
          "Name": "Content-Type",
          "Value": "text/javascript"
        },
        {
          "Name": "ETag",
          "Value": "\"95vP/92otafsBZ8pTPMMYuIyCwFHsULu4Uv0TONXZCg=\""
        },
        {
          "Name": "ETag",
          "Value": "W/\"EDjP6gi635aESyll+dbmHx04BQtfPc3UNpBx9oUyLjg=\""
        },
        {
          "Name": "Last-Modified",
          "Value": "Sat, 14 Jun 2025 00:47:56 GMT"
        },
        {
          "Name": "Vary",
          "Value": "Content-Encoding"
        }
      ],
      "EndpointProperties": [
        {
          "Name": "integrity",
          "Value": "sha256-EDjP6gi635aESyll+dbmHx04BQtfPc3UNpBx9oUyLjg="
        }
      ]
    },
    {
      "Route": "chat.js",
      "AssetFile": "chat.js.br",
      "Selectors": [
        {
          "Name": "Content-Encoding",
          "Value": "br",
          "Quality": "0.002881844380"
        }
      ],
      "ResponseHeaders": [
        {
          "Name": "Accept-Ranges",
          "Value": "bytes"
        },
        {
          "Name": "Cache-Control",
          "Value": "no-cache"
        },
        {
          "Name": "Content-Encoding",
          "Value": "br"
        },
        {
          "Name": "Content-Length",
          "Value": "346"
        },
        {
          "Name": "Content-Type",
          "Value": "text/javascript"
        },
        {
          "Name": "ETag",
          "Value": "\"Y323d+AR0T4aoScAq3IJ/JXMfDf/vatebiDGzM5RsI8=\""
        },
        {
          "Name": "ETag",
          "Value": "W/\"EDjP6gi635aESyll+dbmHx04BQtfPc3UNpBx9oUyLjg=\""
        },
        {
          "Name": "Last-Modified",
          "Value": "Sat, 14 Jun 2025 00:47:56 GMT"
        },
        {
          "Name": "Vary",
          "Value": "Content-Encoding"
        }
      ],
      "EndpointProperties": [
        {
          "Name": "integrity",
          "Value": "sha256-EDjP6gi635aESyll+dbmHx04BQtfPc3UNpBx9oUyLjg="
        }
      ]
    },
    {
      "Route": "chat.js",
      "AssetFile": "chat.js",
      "Selectors": [],
      "ResponseHeaders": [
        {
          "Name": "Accept-Ranges",
          "Value": "bytes"
        },
        {
          "Name": "Cache-Control",
          "Value": "no-cache"
        },
        {
          "Name": "Content-Length",
          "Value": "910"
        },
        {
          "Name": "Content-Type",
          "Value": "text/javascript"
        },
        {
          "Name": "ETag",
          "Value": "\"EDjP6gi635aESyll+dbmHx04BQtfPc3UNpBx9oUyLjg=\""
        },
        {
          "Name": "Last-Modified",
          "Value": "Sat, 14 Jun 2025 00:47:56 GMT"
        }
      ],
      "EndpointProperties": [
        {
          "Name": "integrity",
          "Value": "sha256-EDjP6gi635aESyll+dbmHx04BQtfPc3UNpBx9oUyLjg="
        }
      ]
    },
    {
      "Route": "chat.js.br",
      "AssetFile": "chat.js.br",
      "Selectors": [],
      "ResponseHeaders": [
        {
          "Name": "Accept-Ranges",
          "Value": "bytes"
        },
        {
          "Name": "Cache-Control",
          "Value": "no-cache"
        },
        {
          "Name": "Content-Encoding",
          "Value": "br"
        },
        {
          "Name": "Content-Length",
          "Value": "346"
        },
        {
          "Name": "Content-Type",
          "Value": "text/javascript"
        },
        {
          "Name": "ETag",
          "Value": "\"Y323d+AR0T4aoScAq3IJ/JXMfDf/vatebiDGzM5RsI8=\""
        },
        {
          "Name": "Last-Modified",
          "Value": "Sat, 14 Jun 2025 00:47:56 GMT"
        },
        {
          "Name": "Vary",
          "Value": "Content-Encoding"
        }
      ],
      "EndpointProperties": [
        {
          "Name": "integrity",
          "Value": "sha256-Y323d+AR0T4aoScAq3IJ/JXMfDf/vatebiDGzM5RsI8="
        }
      ]
    },
    {
      "Route": "chat.js.gz",
      "AssetFile": "chat.js.gz",
      "Selectors": [],
      "ResponseHeaders": [
        {
          "Name": "Accept-Ranges",
          "Value": "bytes"
        },
        {
          "Name": "Cache-Control",
          "Value": "no-cache"
        },
        {
          "Name": "Content-Encoding",
          "Value": "gzip"
        },
        {
          "Name": "Content-Length",
          "Value": "436"
        },
        {
          "Name": "Content-Type",
          "Value": "text/javascript"
        },
        {
          "Name": "ETag",
          "Value": "\"95vP/92otafsBZ8pTPMMYuIyCwFHsULu4Uv0TONXZCg=\""
        },
        {
          "Name": "Last-Modified",
          "Value": "Sat, 14 Jun 2025 00:47:56 GMT"
        },
        {
          "Name": "Vary",
          "Value": "Content-Encoding"
        }
      ],
      "EndpointProperties": [
        {
          "Name": "integrity",
          "Value": "sha256-95vP/92otafsBZ8pTPMMYuIyCwFHsULu4Uv0TONXZCg="
        }
      ]
    },
    {
      "Route": "chat.s9tjdwomat.js",
      "AssetFile": "chat.js.gz",
      "Selectors": [
        {
          "Name": "Content-Encoding",
          "Value": "gzip",
          "Quality": "0.002288329519"
        }
      ],
      "ResponseHeaders": [
        {
          "Name": "Accept-Ranges",
          "Value": "bytes"
        },
        {
          "Name": "Cache-Control",
          "Value": "max-age=31536000, immutable"
        },
        {
          "Name": "Content-Encoding",
          "Value": "gzip"
        },
        {
          "Name": "Content-Length",
          "Value": "436"
        },
        {
          "Name": "Content-Type",
          "Value": "text/javascript"
        },
        {
          "Name": "ETag",
          "Value": "\"95vP/92otafsBZ8pTPMMYuIyCwFHsULu4Uv0TONXZCg=\""
        },
        {
          "Name": "ETag",
          "Value": "W/\"EDjP6gi635aESyll+dbmHx04BQtfPc3UNpBx9oUyLjg=\""
        },
        {
          "Name": "Last-Modified",
          "Value": "Sat, 14 Jun 2025 00:47:56 GMT"
        },
        {
          "Name": "Vary",
          "Value": "Content-Encoding"
        }
      ],
      "EndpointProperties": [
        {
          "Name": "fingerprint",
          "Value": "s9tjdwomat"
        },
        {
          "Name": "integrity",
          "Value": "sha256-EDjP6gi635aESyll+dbmHx04BQtfPc3UNpBx9oUyLjg="
        },
        {
          "Name": "label",
          "Value": "chat.js"
        }
      ]
    },
    {
      "Route": "chat.s9tjdwomat.js",
      "AssetFile": "chat.js.br",
      "Selectors": [
        {
          "Name": "Content-Encoding",
          "Value": "br",
          "Quality": "0.002881844380"
        }
      ],
      "ResponseHeaders": [
        {
          "Name": "Accept-Ranges",
          "Value": "bytes"
        },
        {
          "Name": "Cache-Control",
          "Value": "max-age=31536000, immutable"
        },
        {
          "Name": "Content-Encoding",
          "Value": "br"
        },
        {
          "Name": "Content-Length",
          "Value": "346"
        },
        {
          "Name": "Content-Type",
          "Value": "text/javascript"
        },
        {
          "Name": "ETag",
          "Value": "\"Y323d+AR0T4aoScAq3IJ/JXMfDf/vatebiDGzM5RsI8=\""
        },
        {
          "Name": "ETag",
          "Value": "W/\"EDjP6gi635aESyll+dbmHx04BQtfPc3UNpBx9oUyLjg=\""
        },
        {
          "Name": "Last-Modified",
          "Value": "Sat, 14 Jun 2025 00:47:56 GMT"
        },
        {
          "Name": "Vary",
          "Value": "Content-Encoding"
        }
      ],
      "EndpointProperties": [
        {
          "Name": "fingerprint",
          "Value": "s9tjdwomat"
        },
        {
          "Name": "integrity",
          "Value": "sha256-EDjP6gi635aESyll+dbmHx04BQtfPc3UNpBx9oUyLjg="
        },
        {
          "Name": "label",
          "Value": "chat.js"
        }
      ]
    },
    {
      "Route": "chat.s9tjdwomat.js",
      "AssetFile": "chat.js",
      "Selectors": [],
      "ResponseHeaders": [
        {
          "Name": "Accept-Ranges",
          "Value": "bytes"
        },
        {
          "Name": "Cache-Control",
          "Value": "max-age=31536000, immutable"
        },
        {
          "Name": "Content-Length",
          "Value": "910"
        },
        {
          "Name": "Content-Type",
          "Value": "text/javascript"
        },
        {
          "Name": "ETag",
          "Value": "\"EDjP6gi635aESyll+dbmHx04BQtfPc3UNpBx9oUyLjg=\""
        },
        {
          "Name": "Last-Modified",
          "Value": "Sat, 14 Jun 2025 00:47:56 GMT"
        }
      ],
      "EndpointProperties": [
        {
          "Name": "fingerprint",
          "Value": "s9tjdwomat"
        },
        {
          "Name": "integrity",
          "Value": "sha256-EDjP6gi635aESyll+dbmHx04BQtfPc3UNpBx9oUyLjg="
        },
        {
          "Name": "label",
          "Value": "chat.js"
        }
      ]
    },
    {
      "Route": "chat.s9tjdwomat.js.br",
      "AssetFile": "chat.js.br",
      "Selectors": [],
      "ResponseHeaders": [
        {
          "Name": "Accept-Ranges",
          "Value": "bytes"
        },
        {
          "Name": "Cache-Control",
          "Value": "max-age=31536000, immutable"
        },
        {
          "Name": "Content-Encoding",
          "Value": "br"
        },
        {
          "Name": "Content-Length",
          "Value": "346"
        },
        {
          "Name": "Content-Type",
          "Value": "text/javascript"
        },
        {
          "Name": "ETag",
          "Value": "\"Y323d+AR0T4aoScAq3IJ/JXMfDf/vatebiDGzM5RsI8=\""
        },
        {
          "Name": "Last-Modified",
          "Value": "Sat, 14 Jun 2025 00:47:56 GMT"
        },
        {
          "Name": "Vary",
          "Value": "Content-Encoding"
        }
      ],
      "EndpointProperties": [
        {
          "Name": "fingerprint",
          "Value": "s9tjdwomat"
        },
        {
          "Name": "integrity",
          "Value": "sha256-Y323d+AR0T4aoScAq3IJ/JXMfDf/vatebiDGzM5RsI8="
        },
        {
          "Name": "label",
          "Value": "chat.js.br"
        }
      ]
    },
    {
      "Route": "chat.s9tjdwomat.js.gz",
      "AssetFile": "chat.js.gz",
      "Selectors": [],
      "ResponseHeaders": [
        {
          "Name": "Accept-Ranges",
          "Value": "bytes"
        },
        {
          "Name": "Cache-Control",
          "Value": "max-age=31536000, immutable"
        },
        {
          "Name": "Content-Encoding",
          "Value": "gzip"
        },
        {
          "Name": "Content-Length",
          "Value": "436"
        },
        {
          "Name": "Content-Type",
          "Value": "text/javascript"
        },
        {
          "Name": "ETag",
          "Value": "\"95vP/92otafsBZ8pTPMMYuIyCwFHsULu4Uv0TONXZCg=\""
        },
        {
          "Name": "Last-Modified",
          "Value": "Sat, 14 Jun 2025 00:47:56 GMT"
        },
        {
          "Name": "Vary",
          "Value": "Content-Encoding"
        }
      ],
      "EndpointProperties": [
        {
          "Name": "fingerprint",
          "Value": "s9tjdwomat"
        },
        {
          "Name": "integrity",
          "Value": "sha256-95vP/92otafsBZ8pTPMMYuIyCwFHsULu4Uv0TONXZCg="
        },
        {
          "Name": "label",
          "Value": "chat.js.gz"
        }
      ]
    },
    {
      "Route": "index.38dvlw3f4r.html",
      "AssetFile": "index.html.gz",
      "Selectors": [
        {
          "Name": "Content-Encoding",
          "Value": "gzip",
          "Quality": "0.000632511069"
        }
      ],
      "ResponseHeaders": [
        {
          "Name": "Accept-Ranges",
          "Value": "bytes"
        },
        {
          "Name": "Cache-Control",
          "Value": "max-age=31536000, immutable"
        },
        {
          "Name": "Content-Encoding",
          "Value": "gzip"
        },
        {
          "Name": "Content-Length",
          "Value": "1580"
        },
        {
          "Name": "Content-Type",
          "Value": "text/html"
        },
        {
          "Name": "ETag",
          "Value": "\"GMdPvLWgiaOsKDt/DtpGf5jzx4VanzKZc2zl4w4wZ3k=\""
        },
        {
          "Name": "ETag",
          "Value": "W/\"TQbYbSKkAJaURyZwAasFmGuAT7tA0T+w3Zp+4x1EFBs=\""
        },
        {
          "Name": "Last-Modified",
          "Value": "Sat, 14 Jun 2025 01:27:57 GMT"
        },
        {
          "Name": "Vary",
          "Value": "Content-Encoding"
        }
      ],
      "EndpointProperties": [
        {
          "Name": "fingerprint",
          "Value": "38dvlw3f4r"
        },
        {
          "Name": "integrity",
          "Value": "sha256-TQbYbSKkAJaURyZwAasFmGuAT7tA0T+w3Zp+4x1EFBs="
        },
        {
          "Name": "label",
          "Value": "index.html"
        }
      ]
    },
    {
      "Route": "index.38dvlw3f4r.html",
      "AssetFile": "index.html.br",
      "Selectors": [
        {
          "Name": "Content-Encoding",
          "Value": "br",
          "Quality": "0.000828500414"
        }
      ],
      "ResponseHeaders": [
        {
          "Name": "Accept-Ranges",
          "Value": "bytes"
        },
        {
          "Name": "Cache-Control",
          "Value": "max-age=31536000, immutable"
        },
        {
          "Name": "Content-Encoding",
          "Value": "br"
        },
        {
          "Name": "Content-Length",
          "Value": "1206"
        },
        {
          "Name": "Content-Type",
          "Value": "text/html"
        },
        {
          "Name": "ETag",
          "Value": "\"GbhFHRvir+hH94RnlaGFt6Xyaus+ODvvnYNFFjleUlc=\""
        },
        {
          "Name": "ETag",
          "Value": "W/\"TQbYbSKkAJaURyZwAasFmGuAT7tA0T+w3Zp+4x1EFBs=\""
        },
        {
          "Name": "Last-Modified",
          "Value": "Sat, 14 Jun 2025 01:27:57 GMT"
        },
        {
          "Name": "Vary",
          "Value": "Content-Encoding"
        }
      ],
      "EndpointProperties": [
        {
          "Name": "fingerprint",
          "Value": "38dvlw3f4r"
        },
        {
          "Name": "integrity",
          "Value": "sha256-TQbYbSKkAJaURyZwAasFmGuAT7tA0T+w3Zp+4x1EFBs="
        },
        {
          "Name": "label",
          "Value": "index.html"
        }
      ]
    },
    {
      "Route": "index.38dvlw3f4r.html",
      "AssetFile": "index.html",
      "Selectors": [],
      "ResponseHeaders": [
        {
          "Name": "Accept-Ranges",
          "Value": "bytes"
        },
        {
          "Name": "Cache-Control",
          "Value": "max-age=31536000, immutable"
        },
        {
          "Name": "Content-Length",
          "Value": "4360"
        },
        {
          "Name": "Content-Type",
          "Value": "text/html"
        },
        {
          "Name": "ETag",
          "Value": "\"TQbYbSKkAJaURyZwAasFmGuAT7tA0T+w3Zp+4x1EFBs=\""
        },
        {
          "Name": "Last-Modified",
          "Value": "Sat, 14 Jun 2025 01:27:57 GMT"
        }
      ],
      "EndpointProperties": [
        {
          "Name": "fingerprint",
          "Value": "38dvlw3f4r"
        },
        {
          "Name": "integrity",
          "Value": "sha256-TQbYbSKkAJaURyZwAasFmGuAT7tA0T+w3Zp+4x1EFBs="
        },
        {
          "Name": "label",
          "Value": "index.html"
        }
      ]
    },
    {
      "Route": "index.38dvlw3f4r.html.br",
      "AssetFile": "index.html.br",
      "Selectors": [],
      "ResponseHeaders": [
        {
          "Name": "Accept-Ranges",
          "Value": "bytes"
        },
        {
          "Name": "Cache-Control",
          "Value": "max-age=31536000, immutable"
        },
        {
          "Name": "Content-Encoding",
          "Value": "br"
        },
        {
          "Name": "Content-Length",
          "Value": "1206"
        },
        {
          "Name": "Content-Type",
          "Value": "text/html"
        },
        {
          "Name": "ETag",
          "Value": "\"GbhFHRvir+hH94RnlaGFt6Xyaus+ODvvnYNFFjleUlc=\""
        },
        {
          "Name": "Last-Modified",
          "Value": "Sat, 14 Jun 2025 01:27:57 GMT"
        },
        {
          "Name": "Vary",
          "Value": "Content-Encoding"
        }
      ],
      "EndpointProperties": [
        {
          "Name": "fingerprint",
          "Value": "38dvlw3f4r"
        },
        {
          "Name": "integrity",
          "Value": "sha256-GbhFHRvir+hH94RnlaGFt6Xyaus+ODvvnYNFFjleUlc="
        },
        {
          "Name": "label",
          "Value": "index.html.br"
        }
      ]
    },
    {
      "Route": "index.38dvlw3f4r.html.gz",
      "AssetFile": "index.html.gz",
      "Selectors": [],
      "ResponseHeaders": [
        {
          "Name": "Accept-Ranges",
          "Value": "bytes"
        },
        {
          "Name": "Cache-Control",
          "Value": "max-age=31536000, immutable"
        },
        {
          "Name": "Content-Encoding",
          "Value": "gzip"
        },
        {
          "Name": "Content-Length",
          "Value": "1580"
        },
        {
          "Name": "Content-Type",
          "Value": "text/html"
        },
        {
          "Name": "ETag",
          "Value": "\"GMdPvLWgiaOsKDt/DtpGf5jzx4VanzKZc2zl4w4wZ3k=\""
        },
        {
          "Name": "Last-Modified",
          "Value": "Sat, 14 Jun 2025 01:27:57 GMT"
        },
        {
          "Name": "Vary",
          "Value": "Content-Encoding"
        }
      ],
      "EndpointProperties": [
        {
          "Name": "fingerprint",
          "Value": "38dvlw3f4r"
        },
        {
          "Name": "integrity",
          "Value": "sha256-GMdPvLWgiaOsKDt/DtpGf5jzx4VanzKZc2zl4w4wZ3k="
        },
        {
          "Name": "label",
          "Value": "index.html.gz"
        }
      ]
    },
    {
      "Route": "index.html",
      "AssetFile": "index.html.gz",
      "Selectors": [
        {
          "Name": "Content-Encoding",
          "Value": "gzip",
          "Quality": "0.000632511069"
        }
      ],
      "ResponseHeaders": [
        {
          "Name": "Accept-Ranges",
          "Value": "bytes"
        },
        {
          "Name": "Cache-Control",
          "Value": "no-cache"
        },
        {
          "Name": "Content-Encoding",
          "Value": "gzip"
        },
        {
          "Name": "Content-Length",
          "Value": "1580"
        },
        {
          "Name": "Content-Type",
          "Value": "text/html"
        },
        {
          "Name": "ETag",
          "Value": "\"GMdPvLWgiaOsKDt/DtpGf5jzx4VanzKZc2zl4w4wZ3k=\""
        },
        {
          "Name": "ETag",
          "Value": "W/\"TQbYbSKkAJaURyZwAasFmGuAT7tA0T+w3Zp+4x1EFBs=\""
        },
        {
          "Name": "Last-Modified",
          "Value": "Sat, 14 Jun 2025 01:27:57 GMT"
        },
        {
          "Name": "Vary",
          "Value": "Content-Encoding"
        }
      ],
      "EndpointProperties": [
        {
          "Name": "integrity",
          "Value": "sha256-TQbYbSKkAJaURyZwAasFmGuAT7tA0T+w3Zp+4x1EFBs="
        }
      ]
    },
    {
      "Route": "index.html",
      "AssetFile": "index.html.br",
      "Selectors": [
        {
          "Name": "Content-Encoding",
          "Value": "br",
          "Quality": "0.000828500414"
        }
      ],
      "ResponseHeaders": [
        {
          "Name": "Accept-Ranges",
          "Value": "bytes"
        },
        {
          "Name": "Cache-Control",
          "Value": "no-cache"
        },
        {
          "Name": "Content-Encoding",
          "Value": "br"
        },
        {
          "Name": "Content-Length",
          "Value": "1206"
        },
        {
          "Name": "Content-Type",
          "Value": "text/html"
        },
        {
          "Name": "ETag",
          "Value": "\"GbhFHRvir+hH94RnlaGFt6Xyaus+ODvvnYNFFjleUlc=\""
        },
        {
          "Name": "ETag",
          "Value": "W/\"TQbYbSKkAJaURyZwAasFmGuAT7tA0T+w3Zp+4x1EFBs=\""
        },
        {
          "Name": "Last-Modified",
          "Value": "Sat, 14 Jun 2025 01:27:57 GMT"
        },
        {
          "Name": "Vary",
          "Value": "Content-Encoding"
        }
      ],
      "EndpointProperties": [
        {
          "Name": "integrity",
          "Value": "sha256-TQbYbSKkAJaURyZwAasFmGuAT7tA0T+w3Zp+4x1EFBs="
        }
      ]
    },
    {
      "Route": "index.html",
      "AssetFile": "index.html",
      "Selectors": [],
      "ResponseHeaders": [
        {
          "Name": "Accept-Ranges",
          "Value": "bytes"
        },
        {
          "Name": "Cache-Control",
          "Value": "no-cache"
        },
        {
          "Name": "Content-Length",
          "Value": "4360"
        },
        {
          "Name": "Content-Type",
          "Value": "text/html"
        },
        {
          "Name": "ETag",
          "Value": "\"TQbYbSKkAJaURyZwAasFmGuAT7tA0T+w3Zp+4x1EFBs=\""
        },
        {
          "Name": "Last-Modified",
          "Value": "Sat, 14 Jun 2025 01:27:57 GMT"
        }
      ],
      "EndpointProperties": [
        {
          "Name": "integrity",
          "Value": "sha256-TQbYbSKkAJaURyZwAasFmGuAT7tA0T+w3Zp+4x1EFBs="
        }
      ]
    },
    {
      "Route": "index.html.br",
      "AssetFile": "index.html.br",
      "Selectors": [],
      "ResponseHeaders": [
        {
          "Name": "Accept-Ranges",
          "Value": "bytes"
        },
        {
          "Name": "Cache-Control",
          "Value": "no-cache"
        },
        {
          "Name": "Content-Encoding",
          "Value": "br"
        },
        {
          "Name": "Content-Length",
          "Value": "1206"
        },
        {
          "Name": "Content-Type",
          "Value": "text/html"
        },
        {
          "Name": "ETag",
          "Value": "\"GbhFHRvir+hH94RnlaGFt6Xyaus+ODvvnYNFFjleUlc=\""
        },
        {
          "Name": "Last-Modified",
          "Value": "Sat, 14 Jun 2025 01:27:57 GMT"
        },
        {
          "Name": "Vary",
          "Value": "Content-Encoding"
        }
      ],
      "EndpointProperties": [
        {
          "Name": "integrity",
          "Value": "sha256-GbhFHRvir+hH94RnlaGFt6Xyaus+ODvvnYNFFjleUlc="
        }
      ]
    },
    {
      "Route": "index.html.gz",
      "AssetFile": "index.html.gz",
      "Selectors": [],
      "ResponseHeaders": [
        {
          "Name": "Accept-Ranges",
          "Value": "bytes"
        },
        {
          "Name": "Cache-Control",
          "Value": "no-cache"
        },
        {
          "Name": "Content-Encoding",
          "Value": "gzip"
        },
        {
          "Name": "Content-Length",
          "Value": "1580"
        },
        {
          "Name": "Content-Type",
          "Value": "text/html"
        },
        {
          "Name": "ETag",
          "Value": "\"GMdPvLWgiaOsKDt/DtpGf5jzx4VanzKZc2zl4w4wZ3k=\""
        },
        {
          "Name": "Last-Modified",
          "Value": "Sat, 14 Jun 2025 01:27:57 GMT"
        },
        {
          "Name": "Vary",
          "Value": "Content-Encoding"
        }
      ],
      "EndpointProperties": [
        {
          "Name": "integrity",
          "Value": "sha256-GMdPvLWgiaOsKDt/DtpGf5jzx4VanzKZc2zl4w4wZ3k="
        }
      ]
    },
    {
      "Route": "style.css",
      "AssetFile": "style.css.gz",
      "Selectors": [
        {
          "Name": "Content-Encoding",
          "Value": "gzip",
          "Quality": "0.000551571980"
        }
      ],
      "ResponseHeaders": [
        {
          "Name": "Accept-Ranges",
          "Value": "bytes"
        },
        {
          "Name": "Cache-Control",
          "Value": "no-cache"
        },
        {
          "Name": "Content-Encoding",
          "Value": "gzip"
        },
        {
          "Name": "Content-Length",
          "Value": "1812"
        },
        {
          "Name": "Content-Type",
          "Value": "text/css"
        },
        {
          "Name": "ETag",
          "Value": "\"o91UEgvFxdQ/zJrPypl8iIM48hR1ONBN5EoPDmkmD7c=\""
        },
        {
          "Name": "ETag",
          "Value": "W/\"DD5vm1BpIPFrLs4wnHkhluMilm6X6LIvkiKK84ILRG0=\""
        },
        {
          "Name": "Last-Modified",
          "Value": "Sat, 14 Jun 2025 01:27:55 GMT"
        },
        {
          "Name": "Vary",
          "Value": "Content-Encoding"
        }
      ],
      "EndpointProperties": [
        {
          "Name": "integrity",
          "Value": "sha256-DD5vm1BpIPFrLs4wnHkhluMilm6X6LIvkiKK84ILRG0="
        }
      ]
    },
    {
      "Route": "style.css",
      "AssetFile": "style.css.br",
      "Selectors": [
        {
          "Name": "Content-Encoding",
          "Value": "br",
          "Quality": "0.000678886626"
        }
      ],
      "ResponseHeaders": [
        {
          "Name": "Accept-Ranges",
          "Value": "bytes"
        },
        {
          "Name": "Cache-Control",
          "Value": "no-cache"
        },
        {
          "Name": "Content-Encoding",
          "Value": "br"
        },
        {
          "Name": "Content-Length",
          "Value": "1472"
        },
        {
          "Name": "Content-Type",
          "Value": "text/css"
        },
        {
          "Name": "ETag",
          "Value": "\"cHkZNaBJ8U6CU5ciJwljnq1j+ZT9r7pmvcXqX4wD/G4=\""
        },
        {
          "Name": "ETag",
          "Value": "W/\"DD5vm1BpIPFrLs4wnHkhluMilm6X6LIvkiKK84ILRG0=\""
        },
        {
          "Name": "Last-Modified",
          "Value": "Sat, 14 Jun 2025 01:27:55 GMT"
        },
        {
          "Name": "Vary",
          "Value": "Content-Encoding"
        }
      ],
      "EndpointProperties": [
        {
          "Name": "integrity",
          "Value": "sha256-DD5vm1BpIPFrLs4wnHkhluMilm6X6LIvkiKK84ILRG0="
        }
      ]
    },
    {
      "Route": "style.css",
      "AssetFile": "style.css",
      "Selectors": [],
      "ResponseHeaders": [
        {
          "Name": "Accept-Ranges",
          "Value": "bytes"
        },
        {
          "Name": "Cache-Control",
          "Value": "no-cache"
        },
        {
          "Name": "Content-Length",
          "Value": "7516"
        },
        {
          "Name": "Content-Type",
          "Value": "text/css"
        },
        {
          "Name": "ETag",
          "Value": "\"DD5vm1BpIPFrLs4wnHkhluMilm6X6LIvkiKK84ILRG0=\""
        },
        {
          "Name": "Last-Modified",
          "Value": "Sat, 14 Jun 2025 01:27:55 GMT"
        }
      ],
      "EndpointProperties": [
        {
          "Name": "integrity",
          "Value": "sha256-DD5vm1BpIPFrLs4wnHkhluMilm6X6LIvkiKK84ILRG0="
        }
      ]
    },
    {
      "Route": "style.css.br",
      "AssetFile": "style.css.br",
      "Selectors": [],
      "ResponseHeaders": [
        {
          "Name": "Accept-Ranges",
          "Value": "bytes"
        },
        {
          "Name": "Cache-Control",
          "Value": "no-cache"
        },
        {
          "Name": "Content-Encoding",
          "Value": "br"
        },
        {
          "Name": "Content-Length",
          "Value": "1472"
        },
        {
          "Name": "Content-Type",
          "Value": "text/css"
        },
        {
          "Name": "ETag",
          "Value": "\"cHkZNaBJ8U6CU5ciJwljnq1j+ZT9r7pmvcXqX4wD/G4=\""
        },
        {
          "Name": "Last-Modified",
          "Value": "Sat, 14 Jun 2025 01:27:55 GMT"
        },
        {
          "Name": "Vary",
          "Value": "Content-Encoding"
        }
      ],
      "EndpointProperties": [
        {
          "Name": "integrity",
          "Value": "sha256-cHkZNaBJ8U6CU5ciJwljnq1j+ZT9r7pmvcXqX4wD/G4="
        }
      ]
    },
    {
      "Route": "style.css.gz",
      "AssetFile": "style.css.gz",
      "Selectors": [],
      "ResponseHeaders": [
        {
          "Name": "Accept-Ranges",
          "Value": "bytes"
        },
        {
          "Name": "Cache-Control",
          "Value": "no-cache"
        },
        {
          "Name": "Content-Encoding",
          "Value": "gzip"
        },
        {
          "Name": "Content-Length",
          "Value": "1812"
        },
        {
          "Name": "Content-Type",
          "Value": "text/css"
        },
        {
          "Name": "ETag",
          "Value": "\"o91UEgvFxdQ/zJrPypl8iIM48hR1ONBN5EoPDmkmD7c=\""
        },
        {
          "Name": "Last-Modified",
          "Value": "Sat, 14 Jun 2025 01:27:55 GMT"
        },
        {
          "Name": "Vary",
          "Value": "Content-Encoding"
        }
      ],
      "EndpointProperties": [
        {
          "Name": "integrity",
          "Value": "sha256-o91UEgvFxdQ/zJrPypl8iIM48hR1ONBN5EoPDmkmD7c="
        }
      ]
    },
    {
      "Route": "style.wftc6eeqay.css",
      "AssetFile": "style.css.gz",
      "Selectors": [
        {
          "Name": "Content-Encoding",
          "Value": "gzip",
          "Quality": "0.000551571980"
        }
      ],
      "ResponseHeaders": [
        {
          "Name": "Accept-Ranges",
          "Value": "bytes"
        },
        {
          "Name": "Cache-Control",
          "Value": "max-age=31536000, immutable"
        },
        {
          "Name": "Content-Encoding",
          "Value": "gzip"
        },
        {
          "Name": "Content-Length",
          "Value": "1812"
        },
        {
          "Name": "Content-Type",
          "Value": "text/css"
        },
        {
          "Name": "ETag",
          "Value": "\"o91UEgvFxdQ/zJrPypl8iIM48hR1ONBN5EoPDmkmD7c=\""
        },
        {
          "Name": "ETag",
          "Value": "W/\"DD5vm1BpIPFrLs4wnHkhluMilm6X6LIvkiKK84ILRG0=\""
        },
        {
          "Name": "Last-Modified",
          "Value": "Sat, 14 Jun 2025 01:27:55 GMT"
        },
        {
          "Name": "Vary",
          "Value": "Content-Encoding"
        }
      ],
      "EndpointProperties": [
        {
          "Name": "fingerprint",
          "Value": "wftc6eeqay"
        },
        {
          "Name": "integrity",
          "Value": "sha256-DD5vm1BpIPFrLs4wnHkhluMilm6X6LIvkiKK84ILRG0="
        },
        {
          "Name": "label",
          "Value": "style.css"
        }
      ]
    },
    {
      "Route": "style.wftc6eeqay.css",
      "AssetFile": "style.css.br",
      "Selectors": [
        {
          "Name": "Content-Encoding",
          "Value": "br",
          "Quality": "0.000678886626"
        }
      ],
      "ResponseHeaders": [
        {
          "Name": "Accept-Ranges",
          "Value": "bytes"
        },
        {
          "Name": "Cache-Control",
          "Value": "max-age=31536000, immutable"
        },
        {
          "Name": "Content-Encoding",
          "Value": "br"
        },
        {
          "Name": "Content-Length",
          "Value": "1472"
        },
        {
          "Name": "Content-Type",
          "Value": "text/css"
        },
        {
          "Name": "ETag",
          "Value": "\"cHkZNaBJ8U6CU5ciJwljnq1j+ZT9r7pmvcXqX4wD/G4=\""
        },
        {
          "Name": "ETag",
          "Value": "W/\"DD5vm1BpIPFrLs4wnHkhluMilm6X6LIvkiKK84ILRG0=\""
        },
        {
          "Name": "Last-Modified",
          "Value": "Sat, 14 Jun 2025 01:27:55 GMT"
        },
        {
          "Name": "Vary",
          "Value": "Content-Encoding"
        }
      ],
      "EndpointProperties": [
        {
          "Name": "fingerprint",
          "Value": "wftc6eeqay"
        },
        {
          "Name": "integrity",
          "Value": "sha256-DD5vm1BpIPFrLs4wnHkhluMilm6X6LIvkiKK84ILRG0="
        },
        {
          "Name": "label",
          "Value": "style.css"
        }
      ]
    },
    {
      "Route": "style.wftc6eeqay.css",
      "AssetFile": "style.css",
      "Selectors": [],
      "ResponseHeaders": [
        {
          "Name": "Accept-Ranges",
          "Value": "bytes"
        },
        {
          "Name": "Cache-Control",
          "Value": "max-age=31536000, immutable"
        },
        {
          "Name": "Content-Length",
          "Value": "7516"
        },
        {
          "Name": "Content-Type",
          "Value": "text/css"
        },
        {
          "Name": "ETag",
          "Value": "\"DD5vm1BpIPFrLs4wnHkhluMilm6X6LIvkiKK84ILRG0=\""
        },
        {
          "Name": "Last-Modified",
          "Value": "Sat, 14 Jun 2025 01:27:55 GMT"
        }
      ],
      "EndpointProperties": [
        {
          "Name": "fingerprint",
          "Value": "wftc6eeqay"
        },
        {
          "Name": "integrity",
          "Value": "sha256-DD5vm1BpIPFrLs4wnHkhluMilm6X6LIvkiKK84ILRG0="
        },
        {
          "Name": "label",
          "Value": "style.css"
        }
      ]
    },
    {
      "Route": "style.wftc6eeqay.css.br",
      "AssetFile": "style.css.br",
      "Selectors": [],
      "ResponseHeaders": [
        {
          "Name": "Accept-Ranges",
          "Value": "bytes"
        },
        {
          "Name": "Cache-Control",
          "Value": "max-age=31536000, immutable"
        },
        {
          "Name": "Content-Encoding",
          "Value": "br"
        },
        {
          "Name": "Content-Length",
          "Value": "1472"
        },
        {
          "Name": "Content-Type",
          "Value": "text/css"
        },
        {
          "Name": "ETag",
          "Value": "\"cHkZNaBJ8U6CU5ciJwljnq1j+ZT9r7pmvcXqX4wD/G4=\""
        },
        {
          "Name": "Last-Modified",
          "Value": "Sat, 14 Jun 2025 01:27:55 GMT"
        },
        {
          "Name": "Vary",
          "Value": "Content-Encoding"
        }
      ],
      "EndpointProperties": [
        {
          "Name": "fingerprint",
          "Value": "wftc6eeqay"
        },
        {
          "Name": "integrity",
          "Value": "sha256-cHkZNaBJ8U6CU5ciJwljnq1j+ZT9r7pmvcXqX4wD/G4="
        },
        {
          "Name": "label",
          "Value": "style.css.br"
        }
      ]
    },
    {
      "Route": "style.wftc6eeqay.css.gz",
      "AssetFile": "style.css.gz",
      "Selectors": [],
      "ResponseHeaders": [
        {
          "Name": "Accept-Ranges",
          "Value": "bytes"
        },
        {
          "Name": "Cache-Control",
          "Value": "max-age=31536000, immutable"
        },
        {
          "Name": "Content-Encoding",
          "Value": "gzip"
        },
        {
          "Name": "Content-Length",
          "Value": "1812"
        },
        {
          "Name": "Content-Type",
          "Value": "text/css"
        },
        {
          "Name": "ETag",
          "Value": "\"o91UEgvFxdQ/zJrPypl8iIM48hR1ONBN5EoPDmkmD7c=\""
        },
        {
          "Name": "Last-Modified",
          "Value": "Sat, 14 Jun 2025 01:27:55 GMT"
        },
        {
          "Name": "Vary",
          "Value": "Content-Encoding"
        }
      ],
      "EndpointProperties": [
        {
          "Name": "fingerprint",
          "Value": "wftc6eeqay"
        },
        {
          "Name": "integrity",
          "Value": "sha256-o91UEgvFxdQ/zJrPypl8iIM48hR1ONBN5EoPDmkmD7c="
        },
        {
          "Name": "label",
          "Value": "style.css.gz"
        }
      ]
    }
  ]
}